Abbreviation,TeamName,GridPosition,win_prob_pct,grid_is_estimated
RUS,Mercedes,1.0,49.8,False
LEC,Ferrari,2.0,26.4,False
ANT,Mercedes,16.0,10.8,False
HAD,Red Bull Racing,4.0,3.9,False
PIA,McLaren,3.0,3.5,False
NOR,McLaren,5.0,2.9,False
HAM,Ferrari,6.0,1.9,False
VER,Red Bull Racing,8.0,0.6,False
GAS,Alpine,7.0,0.1,False
LAW,Racing Bulls,12.0,0.0,False
COL,Alpine,10.0,0.0,False
LIN,Racing Bulls,15.0,0.0,False
SAI,Williams,9.0,0.0,False
BEA,Haas F1 Team,11.0,0.0,False
OCO,Haas F1 Team,14.0,0.0,False
ALB,Williams,13.0,0.0,False
HUL,Audi,18.0,0.0,False
BOR,Audi,17.0,0.0,False
ALO,Aston Martin,19.0,0.0,False
PER,Cadillac,20.0,0.0,False
BOT,Cadillac,22.0,0.0,False
STR,Aston Martin,21.0,0.0,False
